Product code,Vendor,Page Title,Meta Description,Meta Keywords,Image Alt Text
HFJ201,M.A. Tools & Equipment House (PVT),INGCO 2 Ton Hydraulic Floor Jack - Heavy Duty Lift,"Shop from Purchaser - Get the reliable INGCO 2 Ton Hydraulic Floor Jack. Lifts from 140mm to 340mm. Durable, compact & packed in a color box.","floor jack, hydraulic floor jack, 2 ton floor jack, INGCO jack, car jack, heavy duty jack, vehicle jack",INGCO 2 Ton Hydraulic Floor Jack - Compact and Durable
HFJ302,M.A. Tools & Equipment House (PVT),INGCO 3 Ton Hydraulic Floor Jack - Heavy Duty Lift,"Lift safely with the INGCO 3 Ton Floor Jack. Heavy-duty, compact & reliable. Shop from Purchaser today and elevate your garage setup!","floor jack, hydraulic floor jack, 3 ton floor jack, INGCO floor jack, car jack, garage jack, heavy duty jack, vehicle lift jack",INGCO 3 Ton Hydraulic Floor Jack with 135mm to 410mm lift range
HFJ303,M.A. Tools & Equipment House (PVT),Heavy-Duty 3 Ton Floor Jack - INGCO HFJ303 Hydraulic,"Shop from Purchaser! INGCO HFJ303 3 Ton hydraulic floor jack with 145–500mm lift range, 355mm travel, and 37kg weight. Reliable garage lifting tool.","floor jack, hydraulic floor jack, INGCO floor jack, 3 ton floor jack, garage jack, HFJ303, car jack, vehicle jack, heavy-duty floor jack",INGCO HFJ303 3 Ton Hydraulic Floor Jack for Garage Use
HFJ308,M.A. Tools & Equipment House (PVT),Heavy Duty 3 Ton Floor Jack - INGCO HFJ303,"Shop from Purchaser: INGCO HFJ303 floor jack, 3Ton capacity, 140–520mm lift range, perfect for garage lifting jobs. Reliable, sturdy & packed in box.","floor jack, hydraulic floor jack, INGCO HFJ303, 3 ton jack, garage jack, car lifting jack, heavy duty jack, Purchaser tools",INGCO HFJ303 3 Ton Hydraulic Floor Jack - Garage Tool
HFJ304,M.A. Tools & Equipment House (PVT),"3 Ton Hydraulic Floor Jack - Fast Lifting, Dual Pump","Shop from Purchaser - INGCO 3 Ton floor jack with dual pump, 85–515mm range, 32kg net weight. Fast lifting and reliable for garage or roadside use.","floor jack, 3 ton hydraulic jack, INGCO floor jack, dual pump jack, car lifting jack, heavy duty jack, hydraulic car jack",INGCO 3 Ton Hydraulic Floor Jack with Dual Pump
WHJ2502,Qitmeer Traders,2 Ton Hydraulic Floor Jack - Compact & Heavy-Duty Tool,Lift safely with our 2 Ton floor jack. Compact & durable. Shop from Purchaser for reliable hydraulic power in a portable design.,"floor jack, hydraulic floor jack, 2 ton floor jack, car jack, portable jack, WADFOW floor jack, heavy-duty jack, vehicle lifting tool",WADFOW 2 Ton Hydraulic Floor Jack with 140mm–285mm lift range
WHJ2504,Qitmeer Traders,WADFOW 3 Ton Hydraulic Floor Jack - Heavy Duty Lift,"Shop from Purchaser - WADFOW 3Ton hydraulic floor jack with dual pump, 130mm-465mm range. Sturdy 30.2KG build, packed in carton.","floor jack, hydraulic floor jack, 3 ton floor jack, WADFOW floor jack, heavy duty jack, car jack, dual pump jack, floor jack 3 ton",WADFOW 3 Ton Hydraulic Floor Jack with Dual Pump
THT10821,Qitmeer Traders,2 Ton Floor Jack - TOTAL Hydraulic Car Jack,"Buy 2 Ton hydraulic floor jack with 340mm lift. Durable, compact & easy to use. Shop from Purchaser for top-quality car jacks.","floor jack, 2 ton floor jack, hydraulic jack, car jack, TOTAL floor jack, vehicle lifting tool, low profile jack, jack for cars",TOTAL 2 Ton Hydraulic Floor Jack - Heavy Duty Car Jack
THT10832,Qitmeer Traders,3 Ton Hydraulic Floor Jack | Heavy-Duty Lift Tool,"Shop from Purchaser: Durable 3 Ton hydraulic floor jack with 135mm–410mm lift range. Heavy-duty, compact design-ideal for home or pro garages.","floor jack, hydraulic floor jack, 3 ton jack, car jack 3 ton, heavy-duty jack, TOTAL floor jack, vehicle lift jack, low profile jack",TOTAL 3 Ton Hydraulic Floor Jack with 135mm to 410mm lift height
WHJ2525,Qitmeer Traders,WADFOW 2.5 Ton Hydraulic Floor Jack - WHJ2525,"Shop from Purchaser - WADFOW WHJ2525 2.5Ton hydraulic floor jack with 85–380mm lift range. Compact, strong, and reliable. Fast delivery!","floor jack, hydraulic floor jack, WADFOW jack, 2.5 ton jack, WHJ2525 jack, car lift jack, low profile jack, heavy duty floor jack",WADFOW 2.5 Ton Hydraulic Floor Jack WHJ2525 with 85mm to 380mm lift range
JDHJ2523,Master Traders,Jadever 3 Ton Hydraulic Floor Jack - Heavy Duty Lift,"Lift safely with Jadever 3 Ton Floor Jack. Min height 130mm, max 465mm. Shop from Purchaser for durability and performance.","floor jack, hydraulic floor jack, 3 ton jack, Jadever jack, heavy duty car jack, car lifting jack, garage tools, automotive jack",Jadever 3 Ton Hydraulic Floor Jack - Compact and Heavy Duty
JDHJ2503,Master Traders,3 Ton Hydraulic Floor Jack - Jadever Garage Tool,"Heavy-duty 3 Ton floor jack by Jadever. Shop from Purchaser for safe, reliable lifting. Min height: 130mm, max: 465mm. Packaged in carton box.","floor jack, hydraulic garage jack, 3 ton floor jack, Jadever jack, car jack tool, garage lifting jack, vehicle jack, heavy duty jack",Jadever 3 Ton Hydraulic Floor Jack for Garage Use
JDHJ2504,Master Traders,Jadever 3 Ton Hydraulic Floor Jack - Dual Pump,Heavy-duty Jadever 3 Ton Floor Jack with dual pump. Lifts from 130mm to 465mm. Shop from Purchaser for reliable lifting power!,"floor jack, 3 ton floor jack, hydraulic floor jack, Jadever jack, dual pump floor jack, heavy duty car jack, vehicle jack, Purchaser tools",Jadever 3 Ton Hydraulic Floor Jack with Dual Pump
JDHJ1A03,Master Traders,3 Ton Hydraulic Floor Jack - Heavy Duty & Long Reach,"Shop from Purchaser: Durable 3 Ton Hydraulic Floor Jack with 665mm lift height. Ideal for garages & workshops. Long reach, high lift performance.","floor jack, hydraulic floor jack, 3 ton jack, long floor jack, heavy duty jack, car lift jack, garage jack",Jadever 3 Ton Hydraulic Long Floor Jack - Heavy Duty Car Lift
EHJK2021,Master Traders,EMTOP Hydraulic Floor Jack 2Ton - Durable & Compact,"Shop from Purchaser - EMTOP 2Ton hydraulic floor jack with 140–340mm lift, 8.5kg weight. Portable, strong & packed in color box.","floor jack, hydraulic floor jack, 2 ton floor jack, EMTOP jack, portable car jack, heavy-duty floor jack, compact floor jack",EMTOP 2Ton Hydraulic Floor Jack with 140–340mm lift
JDHJ2A25,Master Traders,25/10 Ton Pneumatic Floor Jack - Heavy Duty Lifting,"Shop from Purchaser: Heavy-duty floor jack with 25/10 ton capacity, fast pneumatic lift, 185mm min height. Durable, efficient & portable.","floor jack, pneumatic floor jack, 25 ton jack, hydraulic jack, heavy duty jack, automotive jack, Jadever floor jack, shop jack, car lifting jack",Jadever 25/10 Ton Pneumatic Hydraulic Floor Jack - Durable & Heavy Duty Car Lifting Tool
JDHJ2A50,Master Traders,Heavy-Duty Floor Jack | 50/25 Ton Pneumatic Jack,"Shop from Purchaser: Durable floor jack with 50/25 ton capacity, 215mm min. height, and 78Kg build. Pneumatic hydraulic lift with carton box packaging.","floor jack, pneumatic floor jack, hydraulic jack, heavy-duty jack, 50 ton jack, 25 ton jack, Jadever jack, car lift jack",Jadever 50/25 Ton Pneumatic Hydraulic Floor Jack
HFJ251,M.A. Tools & Equipment House (PVT),INGCO 2.5Ton Floor Jack with 360° Handle | Shop Now,"Lift heavy loads easily with the INGCO 2.5Ton hydraulic floor jack. Shop from Purchaser for powerful lifting, compact design & easy rotation.","floor jack, hydraulic floor jack, 2.5 ton floor jack, INGCO jack, garage tools, car jack, vehicle lift jack, heavy-duty jack",INGCO 2.5Ton Hydraulic Floor Jack with 360° Handle
